<?xml version="1.0" encoding="UTF-8"?>
<QCARConfig>
  <Tracking>
    <ImageTarget name="qr3" size="1.000000 1.000000" />
    <ImageTarget name="qr2" size="1.000000 0.991135" />
    <ImageTarget name="qr1" size="1.000000 1.000000" />
    <ImageTarget name="nightvision" size="1.000000 0.564033" />
    <ImageTarget name="newflir" size="1.000000 1.000000" />
    <ImageTarget name="realsense-f83b7604a6fe52c3ceb2d3bcdb76cc53" size="1.000000 0.422535" />
    <ImageTarget name="stereo_dt_d415_front-crop1a-1" size="1.000000 0.443056" />
    <ImageTarget name="screenshot2024-10-10212600" size="1.000000 0.956818" />
    <ImageTarget name="oculus-quest-2-comparison-card" size="1.000000 0.750000" />
  </Tracking>
</QCARConfig>
